{
    "HOG": {
        "mean": 0.13469540101816485,
        "std": 0.05185947358464106
    },
    "TDA_img": {
        "mean": 0.21167406816542192,
        "std": 0.4038862709558207
    }
}